{"cameraMode":{"drawMode":0,"name":"Shaded","section":"Shading Mode"},"sceneLighting":true,"audioPlay":false,"sceneViewState":{"showFog":true,"showMaterialUpdate":false,"showSkybox":true,"showFlares":true,"showImageEffects":true,"showParticleSystems":true},"in2DMode":false,"pivot":{"x":81.12980651855469,"y":22.366539001464845,"z":136.45164489746095},"rotation":{"x":-0.008617579005658627,"y":0.2880403399467468,"z":0.002595135010778904,"w":0.9575979709625244},"size":81.39410400390625,"orthographic":false}