{"cameraMode":{"drawMode":0,"name":"Shaded","section":"Shading Mode"},"sceneLighting":true,"audioPlay":false,"sceneViewState":{"showFog":true,"showMaterialUpdate":false,"showSkybox":true,"showFlares":true,"showImageEffects":true,"showParticleSystems":true},"in2DMode":false,"pivot":{"x":-7.976921558380127,"y":13.813220024108887,"z":30.528282165527345},"rotation":{"x":-0.008857513777911663,"y":0.9737932682037354,"z":-0.2245127558708191,"w":-0.03791277855634689},"size":12.547237396240235,"orthographic":false}