{"cameraMode":{"drawMode":0,"name":"Shaded","section":"Shading Mode"},"sceneLighting":true,"audioPlay":false,"sceneViewState":{"showFog":true,"showMaterialUpdate":false,"showSkybox":true,"showFlares":true,"showImageEffects":true,"showParticleSystems":true},"in2DMode":false,"pivot":{"x":48.70403289794922,"y":24.2642765045166,"z":102.9590835571289},"rotation":{"x":0.03384391963481903,"y":-0.8542929887771606,"z":-0.055923935025930408,"w":-0.5157343745231628},"size":0.8660253882408142,"orthographic":false}